genre_ids,id,original_language,overview,popularity,vote_average,vote_count,release_date,title
"[16, 12, 35, 10751, 878]",501929,en,"A quirky, dysfunctional family's road trip is upended when they find themselves in the middle of the robot apocalypse and suddenly become humanity's unlikeliest last hope.",117.264,8.0,898,2021-04-22,The Mitchells vs. the Machines
"[28, 14, 10751, 35]",615677,en,"When alien invaders capture Earth's superheroes, their kids must learn to work together to save their parents - and the planet.",236.653,6.3,484,2020-12-25,We Can Be Heroes
"[35, 10751]",638597,en,A mom and dad who usually say no decide to say yes to their kids' wildest requests — with a few ground rules — on a whirlwind day of fun and adventure.,155.542,7.0,578,2021-03-12,Yes Day
"[28, 12, 35]",615678,en,"In a world where supervillains are commonplace, two estranged childhood best friends reunite after one devises a treatment that gives them powers to protect their city.",622.463,5.8,628,2021-04-09,Thunder Force
"[35, 80, 53]",601666,en,A court-appointed legal guardian defrauds her older clients and traps them under her care. But her latest mark comes with some unexpected baggage.,114.29,6.7,1458,2021-02-19,I Care a Lot
"[80, 9648, 53]",520663,en,An agoraphobic woman living alone in New York begins spying on her new neighbors only to witness a disturbing act of violence.,179.725,6.2,845,2021-05-14,The Woman in the Window
"[28, 27, 53, 80]",503736,en,"Following a zombie outbreak in Las Vegas, a group of mercenaries take the ultimate gamble: venturing into the quarantine zone to pull off the greatest heist ever attempted.",2488.045,6.6,1430,2021-05-14,Army of the Dead
"[18, 53]",802443,en,"A bestselling female novelist, suffering from writer's block, hires an innocent young woman to watch over her twin children. As the novelist dangerously indulges in her new best seller, the line between the life she's writing and the one she's living becomes blurred.",44.376,5.0,186,2021-03-18,Deadly Illusions
"[878, 18]",614911,en,A lone scientist in the Arctic races to contact a crew of astronauts returning home to a mysterious global catastrophe.,19.593,5.9,1269,2020-12-10,The Midnight Sky
[35],578908,en,Two pals embark on a road trip full of funny pranks that pull real people into mayhem.,363.632,6.0,223,2021-03-26,Bad Trip
"[16, 12, 10751]",702525,en,"Bigfoot, Adam's father, wants to use his fame for a good cause. Protecting a large wildlife reserve in Alaska sounds like the perfect opportunity! When Bigfoot mysteriously disappears without a trace, Adam and his animal friends will brave anything to find him again and save the nature reserve.",11.501,7.2,91,2020-07-23,Bigfoot Family
"[28, 53]",204082,en,"Phil Broker is a former DEA agent who has gone through a crisis after his action against a biker gang went horribly wrong and it cost the life of his boss' son. He is recently widowed and is left with a 9-years-old daughter, Maddy. He decides to quit the turbulent and demanding life of thrill for Maddy's sake and retires to a small town. His daughter fights off a boy who was bullying her at school and this sets in motion a round of events that end in his direct confrontation with the local Meth drug lord. His past history with the biker gang also enters the arena, making matters more complex. But he has a mission in his mind to protect his daughter and he is ready to pay any cost that it demands.",36.001,6.9,2552,2013-11-12,Homefront
"[18, 878, 53]",559581,en,A three-person crew on a mission to Mars faces an impossible choice when an unplanned passenger jeopardizes the lives of everyone on board.,135.837,6.1,576,2021-04-22,Stowaway
"[53, 28, 878]",775996,en,"In the near future, a drone pilot is sent into a deadly militarized zone and must work with an android officer to locate a doomsday device.",463.232,6.5,1118,2021-01-15,Outside the Wire
"[99, 80, 18]",799555,en,"An examination that goes beyond the celebrity-driven headlines and dives into the methods used by Rick Singer, the man at the center of the shocking 2019 college admissions scandal, to persuade his wealthy clients to cheat an educational system already designed to benefit the privileged.",16.887,7.2,68,2021-03-17,Operation Varsity Blues: The College Admissions Scandal
"[878, 18, 53, 27]",549294,en,"Two New Orleans paramedics' lives are ripped apart after encountering a series of horrific deaths linked to a designer drug with bizarre, otherworldly effects.",17.374,6.4,263,2020-10-23,Synchronic
"[27, 53, 9648, 878]",716703,en,"Liberty, a socially awkward 16-year-old, returns from two months at camp to a blindsided introduction of her mother’s fiancé, John Smith, whose charm, intelligence, and beauty paint the picture of a man too perfect to be human.",81.703,5.6,62,2020-12-17,What Lies Below
"[18, 37]",621954,en,"Sent to live with his estranged father for the summer, a rebellious teen finds kinship in a tight-knit Philadelphia community of Black cowboys.",34.491,6.2,83,2020-09-10,Concrete Cowboy
"[80, 18, 53]",82525,en,Pot growers Ben and Chon face off against the Mexican drug cartel who kidnapped their shared girlfriend.,10.815,6.4,1700,2012-07-06,Savages
"[10749, 18, 53, 80]",43539,en,"A married couple's life is turned upside down when the wife is accused of murdering her boss. Her husband John would spend the next few years trying to get her released, but there's no evidence that negates the evidence against her. When the strain of being separated from her husband and son gets to her, John decides to find a way to break her out.",16.857,7.1,2121,2010-11-18,The Next Three Days
"[28, 12, 35, 10751]",644092,en,"Two Brooklyn siblings' summer in a rural Oahu town takes an exciting turn when a journal pointing to long-lost treasure sets them on an adventure, leading them to reconnect with their Hawaiian heritage.",183.139,6.5,241,2021-01-29,Finding 'Ohana
"[16, 10751, 35, 12]",80321,en,"Animal pals Alex, Marty, Melman, and Gloria are still trying to make it back to New York's Central Park Zoo. They are forced to take a detour to Europe to find the penguins and chimps who broke the bank at a Monte Carlo casino. When French animal-control officer Capitaine Chantel DuBois picks up their scent, Alex and company are forced to hide out in a traveling circus.",61.492,6.6,4692,2012-06-06,Madagascar 3: Europe's Most Wanted
"[18, 36]",532865,en,"As WWII looms, a wealthy widow hires an amateur archaeologist to excavate the burial mounds on her estate. When they make a historic discovery, the echoes of Britain's past resonate in the face of its uncertain future‎.",45.085,6.9,603,2021-01-14,The Dig
"[28, 12, 878]",429617,en,"Peter Parker and his friends go on a summer trip to Europe. However, they will hardly be able to rest - Peter will have to agree to help Nick Fury uncover the mystery of creatures that cause natural disasters and destruction throughout the continent.",252.284,7.5,9949,2019-06-28,Spider-Man: Far From Home
[35],773655,en,"2020: A year so [insert adjective of choice here], even the creators of Black Mirror couldn't make it up… but that doesn't mean they don't have a little something to add. This comedy event that tells the story of the dreadful year that was — and perhaps still is? The documentary-style special weaves together some of the world's most (fictitious) renowned voices with real-life archival footage.",10.884,6.6,434,2020-12-27,Death to 2020
"[99, 80]",810731,en,The line between justice and revenge blurs when a devastated family uses social media to track down the people who killed 24-year-old Crystal Theobald.,39.639,6.6,70,2021-04-14,Why Did You Kill Me?
"[10749, 35, 18]",614409,en,Senior year of high school takes center stage as Lara Jean returns from a family trip to Korea and considers her college plans — with and without Peter.,90.065,7.9,1261,2021-02-12,To All the Boys: Always and Forever
"[16, 35, 14]",797394,ru,"The Secret Magic Control Agency sends its two best agents, Hansel and Gretel, to fight against the witch of the Gingerbread House.",217.173,7.1,149,2021-03-18,Secret Magic Control Agency
"[35, 80, 18]",308266,en,"Based on the true story of two young men, David Packouz and Efraim Diveroli, who won a $300 million contract from the Pentagon to arm America's allies in Afghanistan.",20.235,6.8,3439,2016-08-17,War Dogs
"[27, 9648, 18, 53]",631060,en,"Catherine Clare reluctantly trades life in 1980 Manhattan for a remote home in the tiny hamlet of Chosen, New York, after her husband George lands a job teaching art history at a small Hudson Valley college. Even as she does her best to transform the old dairy farm into a place where young daughter Franny will be happy, Catherine increasingly finds herself isolated and alone. She soon comes to sense a sinister darkness lurking both in the walls of the ramshackle property—and in her marriage to George.",30.817,5.8,411,2021-04-29,Things Heard & Seen
"[10749, 35]",50544,en,"Dylan and Jamie think it's going to be easy to add the simple act of sex to their friendship, despite what Hollywood romantic comedies would have them believe. They soon discover however that getting physical really does always lead to complications.",27.438,6.7,6320,2011-07-21,Friends with Benefits
"[28, 9648, 53]",48138,en,"A man awakens from a coma, only to discover that someone has taken on his identity and that no one, (not even his wife), believes him. With the help of a young woman, he sets out to prove who he is.",21.929,6.6,2903,2011-02-16,Unknown
"[28, 80]",119283,en,"A thief with a unique code of professional ethics is double-crossed by his crew and left for dead. Assuming a new disguise and forming an unlikely alliance with a woman on the inside, he looks to hijack the score of the crew's latest heist.",22.426,6.0,2393,2013-01-23,Parker
[35],16996,en,"On the brink of a midlife crisis, 30-something Mike O'Donnell wishes he could have a ""do-over."" And that's exactly what he gets when he wakes up one morning to find he's 17 years old again. With his adult mind stuck inside the body of a teenager, Mike actually has the chance to reverse some decisions he wishes he'd never made. But maybe they weren't so bad after all.",23.423,6.2,3985,2009-03-11,17 Again
"[35, 18, 10402]",583689,en,"Inspired by her mom's rebellious past and a confident new friend, a shy 16-year-old publishes an anonymous zine calling out sexism at her school.",78.979,7.5,472,2021-03-03,Moxie
"[10749, 35, 10751]",10897,en,"When Alfalfa starts to question his devotion to the club's principles after falling for the beautiful nine-year old Darla, the rest of the gang sets out to keep them apart.",22.016,6.7,848,1994-08-05,The Little Rascals
"[28, 12, 35]",13950,en,"Bucum Jackson (Cube) is a bounty hunter with a lot of attitude and no interest in taking on a partner. Working at Martinez Bail Bonds, Jackson has unorthodox methods of tracking down low-life criminals, but they work, and one day he hopes to become his own boss and open up his own private investigation firm. Reggie Wright (Epps) is a slippery con artist who is avoiding the law, and Jackson. During a cat and mouse chase, the two stumble on a multi-million dollar diamond heist. Hiding from Jackson, Wright finds himself in the thieves' getaway van and ends up having to escape from them after they discover their booty is fake, much to the displeasure of their ruthless boss (Flanagan). When Wright meets up with his girlfriend (Mendes), he discovers that his recently purchased lottery ticket is the sole winner of $60 million. Unfortunately, his wallet, which held the ticket, was left in the thieves' van, so he persuades Jackson to help him get it back.",9.084,6.0,115,2002-03-08,All About the Benjamins
"[53, 28, 18]",793723,fr,"Transferred home after a traumatizing combat mission, a highly trained French soldier uses her lethal skills to hunt down the man who hurt her sister.",431.956,6.0,394,2021-03-05,Sentinelle
"[28, 80, 18, 53]",2034,en,"On his first day on the job as a narcotics officer, a rookie cop works with a rogue detective who isn't what he appears.",20.226,7.4,4145,2001-10-05,Training Day
"[18, 10749]",25643,en,"Dr. Burke Ryan is a successful self-help author and motivational speaker with a secret. While he helps thousands of people cope with tragedy and personal loss, he secretly is unable to overcome the death of his late wife. It's not until Burke meets a fiercely independent florist named Eloise that he is forced to face his past and overcome his demons.",10.34,5.9,506,2009-09-18,Love Happens
"[99, 10402]",797309,en,"Christopher Wallace, AKA The Notorious B.I.G., remains one of Hip-Hop’s icons, renowned for his distinctive flow and autobiographical lyrics. This documentary celebrates his life via rare behind-the-scenes footage and the testimonies of his closest friends and family.",7.626,7.1,57,2021-03-01,Biggie: I Got a Story to Tell
"[12, 18, 10751]",671295,en,"To save their cash-strapped orphanage, a guardian and his kids partner with a washed-up boat captain for a chance to win a lucrative fishing competition.",373.731,7.6,71,2021-05-27,Blue Miracle
"[10752, 28, 12, 18, 53]",22972,en,"During the U.S.-led occupation of Baghdad in 2003, Chief Warrant Officer Roy Miller and his team of Army inspectors are dispatched to find weapons of mass destruction believed to be stockpiled in the Iraqi desert. Rocketing from one booby-trapped and treacherous site to the next, the men search for deadly chemical agents but stumble instead upon an elaborate cover-up that threatens to invert the purpose of their mission.",16.014,6.5,1652,2010-03-11,Green Zone
"[12, 16, 35, 10751, 10402]",570480,en,A pampered dog named Trouble must learn to live in the real world while trying to escape from his former owner's greedy children and must learn how to survive on the big-city streets.,49.247,6.6,88,2019-08-08,Dog Gone Trouble
"[28, 18, 53, 80]",144336,en,"John ""Breacher"" Wharton leads an elite DEA task force that takes on the world's deadliest drug cartels. When the team successfully executes a high-stakes raid on a cartel safe house, they think their work is done – until, one-by-one, the team members mysteriously start to be eliminated. As the body count rises, everyone is a suspect.",23.095,5.6,1046,2014-03-28,Sabotage
"[28, 80, 18, 53]",493065,en,"Four boyhood friends return to New Orleans’ Lower Ninth Ward after Hurricane Katrina, to find their home decimated and prospects for work swept away. Turning to a local gangster for employment, the crew is hired to pull off a daring casino heist, right in the heart of the city.",11.051,6.7,99,2020-07-31,Cut Throat City
[18],641662,en,"When a young mother's home birth ends in unfathomable tragedy, she begins a year-long odyssey of mourning that fractures relationships with loved ones in this deeply personal story of a woman learning to live alongside her loss.",15.041,7.1,733,2020-12-30,Pieces of a Woman
[99],801058,en,"Passionate about ocean life, a filmmaker sets out to document the harm that humans do to marine species — and uncovers an alarming global conspiracy.",13.455,8.0,203,2021-03-24,Seaspiracy
"[80, 18]",513415,en,Driven by the feelings of shame and hopelessness a man joins to the nearly 100.000 other Japanese who vanish without a trace each year,0.6,0.0,0,,The Vanished
"[53, 28, 80, 18]",102362,en,"In New York City, a crime lord's right-hand man is seduced by a woman seeking retribution.",13.789,6.1,1110,2013-03-08,Dead Man Down
"[28, 18, 10752]",407375,en,"Elite snipers Brandon Beckett and Richard Miller are tasked with protecting a gas pipeline from terrorists looking to make a statement. When battles with the enemy lead to snipers being killed by a ghost shooter who knows their exact location, tensions boil as a security breach is suspected. Is there someone working with the enemy on the inside? Is the mission a front for other activity? Is the Colonel pulling the strings?",20.959,6.6,123,2016-08-02,Sniper: Ghost Shooter
"[18, 28, 80, 53]",155,en,"Batman raises the stakes in his war on crime. With the help of Lt. Jim Gordon and District Attorney Harvey Dent, Batman sets out to dismantle the remaining criminal organizations that plague the streets. The partnership proves to be effective, but they soon find themselves prey to a reign of chaos unleashed by a rising criminal mastermind known to the terrified citizens of Gotham as the Joker.",73.838,8.5,25210,2008-07-16,The Dark Knight
"[80, 18, 9648, 53]",823855,en,A special crimes investigator forms an unlikely bond with a serial killer to bring down a global child sex trafficking syndicate.,1284.3,6.8,102,2021-05-14,I Am All Girls
"[10751, 16, 878, 35]",663459,en,The Jungle Beat animals think it’s the best thing ever when an alien arrives in the jungle bringing with him the power of speech. They also surprisingly think it’s the best thing ever when they find out that he’s been sent to conquer them.,34.699,7.3,86,2020-07-02,Jungle Beat: The Movie
"[28, 12, 35]",62206,en,"Two fledgling criminals kidnap a pizza delivery guy, strap a bomb to his chest, and advise him that he has mere hours to rob a bank or else...",16.356,5.7,1240,2011-08-11,30 Minutes or Less
"[14, 28, 878]",590706,en,"Every six years, an ancient order of jiu-jitsu fighters joins forces to battle a vicious race of alien invaders. But when a celebrated war hero goes down in defeat, the fate of the planet and mankind hangs in the balance.",341.945,5.2,386,2020-11-20,Jiu Jitsu
"[28, 14, 12]",458576,en,"A portal transports Cpt. Artemis and an elite unit of soldiers to a strange world where powerful monsters rule with deadly ferocity. Faced with relentless danger, the team encounters a mysterious hunter who may be their only hope to find a way home.",663.254,7.0,1705,2020-12-03,Monster Hunter
"[53, 18, 27]",649087,sv,"On a hiking trip to rekindle their marriage, a couple find themselves fleeing for their lives in the unforgiving wilderness from an unknown shooter.",260.373,5.9,471,2021-02-11,Red Dot
[35],8835,en,"Elle Woods has it all. She's the president of her sorority, a Hawaiian Tropic girl, Miss June in her campus calendar, and, above all, a natural blonde. She dates the cutest fraternity boy on campus and wants nothing more than to be Mrs. Warner Huntington III. But, there's just one thing stopping Warner from popping the question: Elle is too blonde.",34.336,6.6,2686,2001-07-13,Legally Blonde
"[18, 36, 10752]",857,en,"As U.S. troops storm the beaches of Normandy, three brothers lie dead on the battlefield, with a fourth trapped behind enemy lines. Ranger captain John Miller and seven men are tasked with penetrating German-held territory and bringing the boy home.",39.856,8.2,11778,1998-07-24,Saving Private Ryan
"[27, 9648, 53]",259693,en,Lorraine and Ed Warren travel to north London to help a single mother raising four children alone in a house plagued by malicious spirits.,975.741,7.2,5944,2016-05-13,The Conjuring 2
"[35, 10749]",787298,pl,A celebrity journalist and renowned womanizer starts to rethink his life choices after he falls for a mysterious model who leads a double life.,44.551,6.4,177,2021-02-11,Squared Love
"[18, 10751, 10402, 10749]",699102,en,"Troubled teen Will Hawkins has a run-in with the law that puts him at an important crossroad: go to juvenile detention or attend a Christian summer camp. At first a fish-out-of-water, Will opens his heart, discovers love with a camp regular, and sense of belonging in the last place he expected to find it.",85.738,7.1,201,2021-03-26,A Week Away
"[80, 18]",628534,en,An ambitious Indian driver uses his wit and cunning to escape from poverty and rise to the top. An epic journey based on the New York Times bestseller.,38.531,6.9,531,2021-01-13,The White Tiger
"[16, 35, 10751]",50359,en,"E.B., the Easter Bunny's teenage son, heads to Hollywood, determined to become a drummer in a rock 'n' roll band. In L.A., he's taken in by Fred after the out-of-work slacker hits E.B. with his car.",13.775,5.7,912,2011-03-30,Hop
"[878, 28]",560144,en,"When a virus threatens to turn the now earth-dwelling friendly alien hybrids against humans, Captain Rose Corley must lead a team of elite mercenaries on a mission to the alien world in order to save what's left of humanity.",351.015,5.8,290,2020-10-25,Skylines
[35],633908,en,"When ordered to serve a year in rehab, actress Candy hires her on-set stand-in to take her place. The unassuming woman flips the script and steals her identity, career and boyfriend in this hilarious comedy about trading places.",7.726,5.6,69,2020-12-03,The Stand In
"[80, 18]",13199,en,"During his 18 years in Folsom Prison, street-gang leader Santana rules over all the drug-and-murder activities behind bars. Upon his release, Santana goes back to his old neighborhood, intending to lead a peaceful, crime-free life. But his old gang buddies force him back into his old habits.",13.16,7.4,201,1992-03-13,American Me
"[28, 18, 53]",651589,es,A commentary on Spanish society dressed as a thriller about the misadventures of a gang of young petty criminals after the real estate crash.,17.526,6.5,108,2020-12-18,Sky High
[99],694681,en,"A documentary on the last remaining Blockbuster Video in Bend, Oregon.",5.152,6.8,41,2020-12-15,The Last Blockbuster
"[80, 18]",438808,en,"The story of a teenager, Richard Wershe Jr., who became an undercover informant for the police during the 1980s and was ultimately arrested for drug-trafficking and sentenced to life in prison.",10.987,6.3,702,2018-09-14,White Boy Rick
"[28, 16, 14]",820232,ja,"Tanjiro finds his family slaughtered and the lone survivor, his sister Nezuko Kamado, turned into a Demon. To his surprise, however, Nezuko still shows signs of human emotion and thought. Thus begins Tanjiro's journey to seek out the Demon who killed their family and turn his sister human again. A recap film of Kimetsu no Yaiba, covering episodes 1-5 with extra footage.",92.157,9.3,7,2019-03-29,Demon Slayer: Kimetsu no Yaiba: Sibling's Bond
"[16, 35, 10751, 37, 12]",44896,en,"When Rango, a lost family pet, accidentally winds up in the gritty, gun-slinging town of Dirt, the less-than-courageous lizard suddenly finds he stands out. Welcomed as the last hope the town has been waiting for, new Sheriff Rango is forced to play his new role to the hilt.",45.709,6.7,4757,2011-03-02,Rango
"[18, 14, 878]",581389,ko,"When the crew of a space junk collector ship called The Victory discovers a humanoid robot named Dorothy that's known to be a weapon of mass destruction, they get involved in a risky business deal which puts their lives at stake.",366.618,7.2,565,2021-02-05,Space Sweepers
[12],786357,en,"When there’s a power outage at a safari reserve, Bear Grylls is called and he needs your help. The situation is dire: an escaped lion is headed for a nearby village; a baboon has broken free and is going towards the sea cliffs, and the power must be restored before more animals escape.",1.98,5.9,22,2021-02-16,Animals on the Loose: A You vs. Wild Interactive Movie
"[10751, 14, 16, 35]",529203,en,"Searching for a safer habitat, the prehistoric Crood family discovers an idyllic, walled-in paradise that meets all of its needs. Unfortunately, they must also learn to live with the Bettermans -- a family that's a couple of steps above the Croods on the evolutionary ladder. As tensions between the new neighbors start to rise, a new threat soon propels both clans on an epic adventure that forces them to embrace their differences, draw strength from one another, and survive together.",534.436,7.5,2142,2020-11-25,The Croods: A New Age
"[12, 16, 35, 10751]",412117,en,"Max the terrier must cope with some major life changes when his owner gets married and has a baby. When the family takes a trip to the countryside, nervous Max has numerous run-ins with canine-intolerant cows, hostile foxes and a scary turkey. Luckily for Max, he soon catches a break when he meets Rooster, a gruff farm dog who tries to cure the lovable pooch of his neuroses.",80.784,7.0,2152,2019-05-24,The Secret Life of Pets 2
"[35, 12, 14]",38319,en,"A fantasy movie about an arrogant, lazy prince and his more heroic brother who must complete a quest in order to save their father's kingdom.",11.433,5.4,978,2011-04-08,Your Highness
"[10751, 12, 35, 10749]",11637,en,"The fledgling romance between Nick, a playboy bachelor, and Suzanne, a divorced mother of two, is threatened by a particularly harrowing New Years Eve. When Suzanne's work keeps her in Vancouver for the holiday, Nick offers to bring her kids to the city from Portland, Oregon. The kids, who have never liked any of the men their mom dates, are determined to turn the trip into a nightmare for Nick.",16.062,5.5,670,2005-01-20,Are We There Yet?
"[10402, 18, 10749]",85446,en,"Emily arrives in Miami with aspirations to become a professional dancer. She sparks with Sean, the leader of a dance crew whose neighborhood is threatened by Emily's father's development plans.",25.199,6.9,1712,2012-07-26,Step Up Revolution
"[12, 10751, 14]",267935,en,"The BFG is no ordinary bone-crunching giant. He is far too nice and jumbly. It's lucky for Sophie that he is. Had she been carried off in the middle of the night by the Bloodbottler, or any of the other giants—rather than the BFG—she would have soon become breakfast. When Sophie hears that the giants are flush-bunking off to England to swollomp a few nice little chiddlers, she decides she must stop them once and for all. And the BFG is going to help her!",33.055,6.2,2582,2016-06-01,The BFG
