genre_ids,id,original_language,overview,popularity,vote_average,vote_count,release_date,title,Title,Type,Netflix Release Date,Days in Top Ten,Viewership Score
"[16, 12, 35, 10751, 878]",501929,en,"A quirky, dysfunctional family's road trip is upended when they find themselves in the middle of the robot apocalypse and suddenly become humanity's unlikeliest last hope.",117.264,8.0,898,2021-04-22,The Mitchells vs. The Machines,The Mitchells vs. The Machines,Movie,30-Apr-21,31,204
"[28, 14, 10751, 35]",615677,en,"When alien invaders capture Earth's superheroes, their kids must learn to work together to save their parents - and the planet.",236.653,6.3,484,2020-12-25,We Can Be Heroes,We Can Be Heroes,Movie,25-Dec-20,24,144
"[35, 10751]",638597,en,A mom and dad who usually say no decide to say yes to their kids' wildest requests — with a few ground rules — on a whirlwind day of fun and adventure.,155.542,7.0,578,2021-03-12,Yes Day,Yes Day,Movie,12-Mar-21,15,126
"[28, 12, 35]",615678,en,"In a world where supervillains are commonplace, two estranged childhood best friends reunite after one devises a treatment that gives them powers to protect their city.",622.463,5.8,628,2021-04-09,Thunder Force,Thunder Force,Movie,9-Apr-21,16,112
"[35, 80, 53]",601666,en,A court-appointed legal guardian defrauds her older clients and traps them under her care. But her latest mark comes with some unexpected baggage.,114.29,6.7,1458,2021-02-19,I Care a Lot.,I Care a Lot.,Movie,19-Feb-21,15,103
"[80, 9648, 53]",520663,en,An agoraphobic woman living alone in New York begins spying on her new neighbors only to witness a disturbing act of violence.,179.725,6.2,845,2021-05-14,The Woman in the Window,The Woman in the Window,Movie,14-May-21,11,100
"[28, 27, 53, 80]",503736,en,"Following a zombie outbreak in Las Vegas, a group of mercenaries take the ultimate gamble: venturing into the quarantine zone to pull off the greatest heist ever attempted.",2488.045,6.6,1430,2021-05-14,Army of the Dead,Army of the Dead,Movie,21-May-21,10,89
"[18, 53]",802443,en,"A bestselling female novelist, suffering from writer's block, hires an innocent young woman to watch over her twin children. As the novelist dangerously indulges in her new best seller, the line between the life she's writing and the one she's living becomes blurred.",44.376,5.0,186,2021-03-18,Deadly Illusions,Deadly Illusions,Movie,18-Mar-21,10,82
"[878, 18]",614911,en,A lone scientist in the Arctic races to contact a crew of astronauts returning home to a mysterious global catastrophe.,19.593,5.9,1269,2020-12-10,The Midnight Sky,The Midnight Sky,Movie,23-Dec-20,10,82
[35],578908,en,Two pals embark on a road trip full of funny pranks that pull real people into mayhem.,363.632,6.0,223,2021-03-26,Bad Trip,Bad Trip,Movie,26-Mar-21,9,78
"[16, 12, 10751]",702525,en,"Bigfoot, Adam's father, wants to use his fame for a good cause. Protecting a large wildlife reserve in Alaska sounds like the perfect opportunity! When Bigfoot mysteriously disappears without a trace, Adam and his animal friends will brave anything to find him again and save the nature reserve.",11.501,7.2,91,2020-07-23,Bigfoot Family,Bigfoot Family,Movie,26-Feb-21,10,75
"[28, 53]",204082,en,"Phil Broker is a former DEA agent who has gone through a crisis after his action against a biker gang went horribly wrong and it cost the life of his boss' son. He is recently widowed and is left with a 9-years-old daughter, Maddy. He decides to quit the turbulent and demanding life of thrill for Maddy's sake and retires to a small town. His daughter fights off a boy who was bullying her at school and this sets in motion a round of events that end in his direct confrontation with the local Meth drug lord. His past history with the biker gang also enters the arena, making matters more complex. But he has a mission in his mind to protect his daughter and he is ready to pay any cost that it demands.",35.055,6.9,2554,2013-11-12,Homefront,Homefront,Movie,18-Jan-21,12,74
"[18, 878, 53]",559581,en,A three-person crew on a mission to Mars faces an impossible choice when an unplanned passenger jeopardizes the lives of everyone on board.,135.837,6.1,576,2021-04-22,Stowaway,Stowaway,Movie,22-Apr-21,9,70
"[53, 28, 878]",775996,en,"In the near future, a drone pilot is sent into a deadly militarized zone and must work with an android officer to locate a doomsday device.",463.232,6.5,1118,2021-01-15,Outside the Wire,Outside the Wire,Movie,15-Jan-21,9,69
"[878, 18, 53, 27]",549294,en,"Two New Orleans paramedics' lives are ripped apart after encountering a series of horrific deaths linked to a designer drug with bizarre, otherworldly effects.",17.374,6.4,263,2020-10-23,Synchronic,Synchronic,Movie,16-Apr-21,9,64
"[27, 53, 9648, 878]",716703,en,"Liberty, a socially awkward 16-year-old, returns from two months at camp to a blindsided introduction of her mother’s fiancé, John Smith, whose charm, intelligence, and beauty paint the picture of a man too perfect to be human.",81.703,5.6,62,2020-12-17,What Lies Below,What Lies Below,Movie,4-Apr-21,8,61
"[18, 37]",621954,en,"Sent to live with his estranged father for the summer, a rebellious teen finds kinship in a tight-knit Philadelphia community of Black cowboys.",34.491,6.2,83,2020-09-10,Concrete Cowboy,Concrete Cowboy,Movie,2-Apr-21,10,60
"[80, 18, 53]",82525,en,Pot growers Ben and Chon face off against the Mexican drug cartel who kidnapped their shared girlfriend.,9.126,6.4,1700,2012-07-06,Savages,Savages,Movie,16-Mar-21,10,60
"[10749, 18, 53, 80]",43539,en,"A married couple's life is turned upside down when the wife is accused of murdering her boss. Her husband John would spend the next few years trying to get her released, but there's no evidence that negates the evidence against her. When the strain of being separated from her husband and son gets to her, John decides to find a way to break her out.",16.482,7.1,2122,2010-11-18,The Next Three Days,The Next Three Days,Movie,22-Jan-21,9,60
"[28, 12, 35, 10751]",644092,en,"Two Brooklyn siblings' summer in a rural Oahu town takes an exciting turn when a journal pointing to long-lost treasure sets them on an adventure, leading them to reconnect with their Hawaiian heritage.",183.139,6.5,241,2021-01-29,Finding 'Ohana,Finding 'Ohana,Movie,29-Jan-21,9,57
"[16, 10751, 35, 12]",80321,en,"Animal pals Alex, Marty, Melman, and Gloria are still trying to make it back to New York's Central Park Zoo. They are forced to take a detour to Europe to find the penguins and chimps who broke the bank at a Monte Carlo casino. When French animal-control officer Capitaine Chantel DuBois picks up their scent, Alex and company are forced to hide out in a traveling circus.",55.928,6.6,4693,2012-06-06,Madagascar 3: Europe's Most Wanted,Madagascar 3: Europe's Most Wanted,Movie,1-May-21,12,56
"[18, 36]",532865,en,"As WWII looms, a wealthy widow hires an amateur archaeologist to excavate the burial mounds on her estate. When they make a historic discovery, the echoes of Britain's past resonate in the face of its uncertain future‎.",45.085,6.9,603,2021-01-14,The Dig,The Dig,Movie,29-Jan-21,9,54
"[99, 80]",810731,en,The line between justice and revenge blurs when a devastated family uses social media to track down the people who killed 24-year-old Crystal Theobald.,39.639,6.6,70,2021-04-14,Why Did You Kill Me?,Why Did You Kill Me?,Movie,14-Apr-21,8,50
"[16, 35, 14]",797394,ru,"The Secret Magic Control Agency sends its two best agents, Hansel and Gretel, to fight against the witch of the Gingerbread House.",217.173,7.1,149,2021-03-18,Secret Magic Control Agency,Secret Magic Control Agency,Movie,25-Mar-21,8,44
"[35, 80, 18]",308266,en,"Based on the true story of two young men, David Packouz and Efraim Diveroli, who won a $300 million contract from the Pentagon to arm America's allies in Afghanistan.",20.235,6.8,3439,2016-08-17,War Dogs,War Dogs,Movie,8-Feb-21,8,44
"[27, 9648, 18, 53]",631060,en,"Catherine Clare reluctantly trades life in 1980 Manhattan for a remote home in the tiny hamlet of Chosen, New York, after her husband George lands a job teaching art history at a small Hudson Valley college. Even as she does her best to transform the old dairy farm into a place where young daughter Franny will be happy, Catherine increasingly finds herself isolated and alone. She soon comes to sense a sinister darkness lurking both in the walls of the ramshackle property—and in her marriage to George.",30.817,5.8,411,2021-04-29,Things Heard & Seen,Things Heard & Seen,Movie,29-Apr-21,7,43
"[10749, 35]",50544,en,"Dylan and Jamie think it's going to be easy to add the simple act of sex to their friendship, despite what Hollywood romantic comedies would have them believe. They soon discover however that getting physical really does always lead to complications.",26.47,6.7,6323,2011-07-21,Friends with Benefits,Friends with Benefits,Movie,1-Apr-21,7,38
"[28, 9648, 53]",48138,en,"A man awakens from a coma, only to discover that someone has taken on his identity and that no one, (not even his wife), believes him. With the help of a young woman, he sets out to prove who he is.",19.342,6.6,2905,2011-02-16,Unknown,Unknown,Movie,1-Jan-21,7,38
"[28, 80]",119283,en,"A thief with a unique code of professional ethics is double-crossed by his crew and left for dead. Assuming a new disguise and forming an unlikely alliance with a woman on the inside, he looks to hijack the score of the crew's latest heist.",30.119,6.0,2393,2013-01-23,Parker,Parker,Movie,4-Mar-21,7,36
[35],16996,en,"On the brink of a midlife crisis, 30-something Mike O'Donnell wishes he could have a ""do-over."" And that's exactly what he gets when he wakes up one morning to find he's 17 years old again. With his adult mind stuck inside the body of a teenager, Mike actually has the chance to reverse some decisions he wishes he'd never made. But maybe they weren't so bad after all.",23.116,6.2,3987,2009-03-11,17 Again,17 Again,Movie,1-Jan-21,7,33
"[35, 18, 10402]",583689,en,"Inspired by her mom's rebellious past and a confident new friend, a shy 16-year-old publishes an anonymous zine calling out sexism at her school.",78.979,7.5,472,2021-03-03,Moxie,Moxie,Movie,3-Mar-21,7,33
"[10749, 35, 10751]",10897,en,"When Alfalfa starts to question his devotion to the club's principles after falling for the beautiful nine-year old Darla, the rest of the gang sets out to keep them apart.",18.802,6.7,848,1994-08-05,The Little Rascals,The Little Rascals,Movie,2-Apr-21,7,31
"[28, 12, 35]",13950,en,"Bucum Jackson (Cube) is a bounty hunter with a lot of attitude and no interest in taking on a partner. Working at Martinez Bail Bonds, Jackson has unorthodox methods of tracking down low-life criminals, but they work, and one day he hopes to become his own boss and open up his own private investigation firm. Reggie Wright (Epps) is a slippery con artist who is avoiding the law, and Jackson. During a cat and mouse chase, the two stumble on a multi-million dollar diamond heist. Hiding from Jackson, Wright finds himself in the thieves' getaway van and ends up having to escape from them after they discover their booty is fake, much to the displeasure of their ruthless boss (Flanagan). When Wright meets up with his girlfriend (Mendes), he discovers that his recently purchased lottery ticket is the sole winner of $60 million. Unfortunately, his wallet, which held the ticket, was left in the thieves' van, so he persuades Jackson to help him get it back.",9.864,6.0,115,2002-03-08,All About the Benjamins,All About the Benjamins,Movie,1-Feb-21,6,30
"[53, 28, 18]",793723,fr,"Transferred home after a traumatizing combat mission, a highly trained French soldier uses her lethal skills to hunt down the man who hurt her sister.",431.956,6.0,394,2021-03-05,Sentinelle,Sentinelle,Movie,5-Mar-21,4,30
"[28, 80, 18, 53]",2034,en,"On his first day on the job as a narcotics officer, a rookie cop works with a rogue detective who isn't what he appears.",17.935,7.4,4147,2001-10-05,Training Day,Training Day,Movie,1-Mar-21,7,30
"[18, 10749]",25643,en,"Dr. Burke Ryan is a successful self-help author and motivational speaker with a secret. While he helps thousands of people cope with tragedy and personal loss, he secretly is unable to overcome the death of his late wife. It's not until Burke meets a fiercely independent florist named Eloise that he is forced to face his past and overcome his demons.",9.754,5.9,506,2009-09-18,Love Happens,Love Happens,Movie,1-May-21,6,29
"[12, 18, 10751]",671295,en,"To save their cash-strapped orphanage, a guardian and his kids partner with a washed-up boat captain for a chance to win a lucrative fishing competition.",373.731,7.6,71,2021-05-27,Blue Miracle,Blue Miracle,Movie,27-May-21,4,27
"[10752, 28, 12, 18, 53]",22972,en,"During the U.S.-led occupation of Baghdad in 2003, Chief Warrant Officer Roy Miller and his team of Army inspectors are dispatched to find weapons of mass destruction believed to be stockpiled in the Iraqi desert. Rocketing from one booby-trapped and treacherous site to the next, the men search for deadly chemical agents but stumble instead upon an elaborate cover-up that threatens to invert the purpose of their mission.",14.155,6.5,1652,2010-03-11,Green Zone,Green Zone,Movie,1-May-21,6,27
"[12, 16, 35, 10751, 10402]",570480,en,A pampered dog named Trouble must learn to live in the real world while trying to escape from his former owner's greedy children and must learn how to survive on the big-city streets.,49.247,6.6,88,2019-08-08,Dog Gone Trouble,Dog Gone Trouble,Movie,28-May-21,3,26
"[28, 18, 53, 80]",144336,en,"John ""Breacher"" Wharton leads an elite DEA task force that takes on the world's deadliest drug cartels. When the team successfully executes a high-stakes raid on a cartel safe house, they think their work is done – until, one-by-one, the team members mysteriously start to be eliminated. As the body count rises, everyone is a suspect.",17.17,5.6,1047,2014-03-28,Sabotage,Sabotage,Movie,19-May-21,7,26
"[28, 80, 18, 53]",493065,en,"Four boyhood friends return to New Orleans’ Lower Ninth Ward after Hurricane Katrina, to find their home decimated and prospects for work swept away. Turning to a local gangster for employment, the crew is hired to pull off a daring casino heist, right in the heart of the city.",11.051,6.7,99,2020-07-31,Cut Throat City,Cut Throat City,Movie,20-Jan-21,4,25
[18],641662,en,"When a young mother's home birth ends in unfathomable tragedy, she begins a year-long odyssey of mourning that fractures relationships with loved ones in this deeply personal story of a woman learning to live alongside her loss.",15.041,7.1,733,2020-12-30,Pieces of a Woman,Pieces of a Woman,Movie,7-Jan-21,4,24
[99],801058,en,"Passionate about ocean life, a filmmaker sets out to document the harm that humans do to marine species — and uncovers an alarming global conspiracy.",13.455,8.0,203,2021-03-24,Seaspiracy,Seaspiracy,Movie,24-Mar-21,8,24
[],454063,en,16mm film (b&amp;w),0.6,0.0,0,2000-01-01,The Vanished,The Vanished,Movie,15-Jan-21,12,24
"[53, 28, 80, 18]",102362,en,"In New York City, a crime lord's right-hand man is seduced by a woman seeking retribution.",11.073,6.1,1110,2013-03-08,Dead Man Down,Dead Man Down,Movie,6-Nov-13,6,22
"[28, 18, 10752]",407375,en,"Elite snipers Brandon Beckett and Richard Miller are tasked with protecting a gas pipeline from terrorists looking to make a statement. When battles with the enemy lead to snipers being killed by a ghost shooter who knows their exact location, tensions boil as a security breach is suspected. Is there someone working with the enemy on the inside? Is the mission a front for other activity? Is the Colonel pulling the strings?",20.959,6.6,123,2016-08-02,Sniper: Ghost Shooter,Sniper: Ghost Shooter,Movie,1-Apr-21,9,21
"[18, 28, 80, 53]",155,en,"Batman raises the stakes in his war on crime. With the help of Lt. Jim Gordon and District Attorney Harvey Dent, Batman sets out to dismantle the remaining criminal organizations that plague the streets. The partnership proves to be effective, but they soon find themselves prey to a reign of chaos unleashed by a rising criminal mastermind known to the terrified citizens of Gotham as the Joker.",71.928,8.5,25216,2008-07-16,The Dark Knight,The Dark Knight,Movie,1-Mar-21,8,21
"[80, 18, 9648, 53]",823855,en,A special crimes investigator forms an unlikely bond with a serial killer to bring down a global child sex trafficking syndicate.,1284.3,6.8,102,2021-05-14,I Am All Girls,I Am All Girls,Movie,14-May-21,6,19
"[10751, 16, 878, 35]",663459,en,The Jungle Beat animals think it’s the best thing ever when an alien arrives in the jungle bringing with him the power of speech. They also surprisingly think it’s the best thing ever when they find out that he’s been sent to conquer them.,34.699,7.3,86,2020-07-02,Jungle Beat: The Movie,Jungle Beat: The Movie,Movie,14-May-21,6,17
"[28, 12, 35]",62206,en,"Two fledgling criminals kidnap a pizza delivery guy, strap a bomb to his chest, and advise him that he has mere hours to rob a bank or else...",12.457,5.7,1240,2011-08-11,30 Minutes or Less,30 Minutes or Less,Movie,1-Jan-21,5,16
"[14, 28, 878]",590706,en,"Every six years, an ancient order of jiu-jitsu fighters joins forces to battle a vicious race of alien invaders. But when a celebrated war hero goes down in defeat, the fate of the planet and mankind hangs in the balance.",341.945,5.2,386,2020-11-20,Jiu Jitsu,Jiu Jitsu,Movie,20-Mar-21,4,16
"[53, 18, 27]",649087,sv,"On a hiking trip to rekindle their marriage, a couple find themselves fleeing for their lives in the unforgiving wilderness from an unknown shooter.",260.373,5.9,471,2021-02-11,Red Dot,Red Dot,Movie,11-Feb-21,5,16
[35],8835,en,"Elle Woods has it all. She's the president of her sorority, a Hawaiian Tropic girl, Miss June in her campus calendar, and, above all, a natural blonde. She dates the cutest fraternity boy on campus and wants nothing more than to be Mrs. Warner Huntington III. But, there's just one thing stopping Warner from popping the question: Elle is too blonde.",33.051,6.6,2687,2001-07-13,Legally Blonde,Legally Blonde,Movie,1-Apr-21,6,13
"[18, 36, 10752]",857,en,"As U.S. troops storm the beaches of Normandy, three brothers lie dead on the battlefield, with a fourth trapped behind enemy lines. Ranger captain John Miller and seven men are tasked with penetrating German-held territory and bringing the boy home.",43.929,8.2,11784,1998-07-24,Saving Private Ryan,Saving Private Ryan,Movie,1-Apr-21,4,13
"[27, 9648, 53]",259693,en,Lorraine and Ed Warren travel to north London to help a single mother raising four children alone in a house plagued by malicious spirits.,975.741,7.2,5944,2016-05-13,The Conjuring 2,The Conjuring 2,Movie,21-Feb-21,4,13
"[35, 10749]",787298,pl,A celebrity journalist and renowned womanizer starts to rethink his life choices after he falls for a mysterious model who leads a double life.,44.551,6.4,177,2021-02-11,Squared Love,Squared Love,Movie,11-Feb-21,4,12
"[18, 10751, 10402, 10749]",699102,en,"Troubled teen Will Hawkins has a run-in with the law that puts him at an important crossroad: go to juvenile detention or attend a Christian summer camp. At first a fish-out-of-water, Will opens his heart, discovers love with a camp regular, and sense of belonging in the last place he expected to find it.",85.738,7.1,201,2021-03-26,A Week Away,A Week Away,Movie,26-Mar-21,4,11
"[80, 18]",628534,en,An ambitious Indian driver uses his wit and cunning to escape from poverty and rise to the top. An epic journey based on the New York Times bestseller.,38.531,6.9,531,2021-01-13,The White Tiger,The White Tiger,Movie,22-Jan-21,2,11
"[16, 35, 10751]",50359,en,"E.B., the Easter Bunny's teenage son, heads to Hollywood, determined to become a drummer in a rock 'n' roll band. In L.A., he's taken in by Fred after the out-of-work slacker hits E.B. with his car.",16.32,5.7,912,2011-03-30,Hop,Hop,Movie,16-Jan-20,2,10
"[878, 28]",560144,en,"When a virus threatens to turn the now earth-dwelling friendly alien hybrids against humans, Captain Rose Corley must lead a team of elite mercenaries on a mission to the alien world in order to save what's left of humanity.",351.015,5.8,290,2020-10-25,Skylines,Skylines,Movie,18-Mar-21,4,9
"[80, 18]",13199,en,"During his 18 years in Folsom Prison, street-gang leader Santana rules over all the drug-and-murder activities behind bars. Upon his release, Santana goes back to his old neighborhood, intending to lead a peaceful, crime-free life. But his old gang buddies force him back into his old habits.",17.474,7.4,201,1992-03-13,American Me,American Me,Movie,17-Apr-21,3,7
[99],694681,en,"A documentary on the last remaining Blockbuster Video in Bend, Oregon.",5.152,6.8,41,2020-12-15,The Last Blockbuster,The Last Blockbuster,Movie,15-Mar-21,5,6
"[16, 35, 10751, 37, 12]",44896,en,"When Rango, a lost family pet, accidentally winds up in the gritty, gun-slinging town of Dirt, the less-than-courageous lizard suddenly finds he stands out. Welcomed as the last hope the town has been waiting for, new Sheriff Rango is forced to play his new role to the hilt.",43.71,6.7,4760,2011-03-02,Rango,Rango,Movie,28-Dec-20,1,3
"[18, 14, 878]",581389,ko,"When the crew of a space junk collector ship called The Victory discovers a humanoid robot named Dorothy that's known to be a weapon of mass destruction, they get involved in a risky business deal which puts their lives at stake.",366.618,7.2,565,2021-02-05,Space Sweepers,Space Sweepers,Movie,5-Feb-21,1,3
"[12, 16, 35, 10751]",412117,en,"Max the terrier must cope with some major life changes when his owner gets married and has a baby. When the family takes a trip to the countryside, nervous Max has numerous run-ins with canine-intolerant cows, hostile foxes and a scary turkey. Luckily for Max, he soon catches a break when he meets Rooster, a gruff farm dog who tries to cure the lovable pooch of his neuroses.",80.784,7.0,2152,2019-05-24,The Secret Life of Pets 2,The Secret Life of Pets 2,Movie,27-Dec-19,1,2
"[35, 12, 14]",38319,en,"A fantasy movie about an arrogant, lazy prince and his more heroic brother who must complete a quest in order to save their father's kingdom.",11.419,5.4,979,2011-04-08,Your Highness,Your Highness,Movie,1-May-21,1,2
"[10751, 12, 35, 10749]",11637,en,"The fledgling romance between Nick, a playboy bachelor, and Suzanne, a divorced mother of two, is threatened by a particularly harrowing New Years Eve. When Suzanne's work keeps her in Vancouver for the holiday, Nick offers to bring her kids to the city from Portland, Oregon. The kids, who have never liked any of the men their mom dates, are determined to turn the trip into a nightmare for Nick.",14.411,5.5,670,2005-01-20,Are We There Yet?,Are We There Yet?,Movie,1-Feb-21,1,1
"[10402, 18, 10749]",85446,en,"Emily arrives in Miami with aspirations to become a professional dancer. She sparks with Sean, the leader of a dance crew whose neighborhood is threatened by Emily's father's development plans.",21.684,6.9,1713,2012-07-26,Step Up Revolution,Step Up Revolution,Movie,1-Mar-21,1,1
"[12, 10751, 14]",267935,en,"The BFG is no ordinary bone-crunching giant. He is far too nice and jumbly. It's lucky for Sophie that he is. Had she been carried off in the middle of the night by the Bloodbottler, or any of the other giants—rather than the BFG—she would have soon become breakfast. When Sophie hears that the giants are flush-bunking off to England to swollomp a few nice little chiddlers, she decides she must stop them once and for all. And the BFG is going to help her!",33.055,6.2,2582,2016-06-01,The BFG,The BFG,Movie,15-Mar-21,1,1
